timestamp	tags	url	archived url
2024-06-26T11:05:37	meta	https://tmblr.co/ZRhtoOftzS_A4q00	https://web.archive.org/20251207170828/https://www.tumblr.com/records-of-transmisogyny/754341734331400192/please-submit-info
2024-06-26T11:08:30	ad hypocrisy	https://tmblr.co/ZRhtoOftzVcwee00	https://web.archive.org/20251207170727/https://www.tumblr.com/records-of-transmisogyny/754341915534721024
2024-06-26T17:32:35	bans,archived	https://tmblr.co/ZRhtoOfu2-FoWa00	https://web.archive.org/20251207170828/https://www.tumblr.com/records-of-transmisogyny/754366079958138880
2024-06-26T17:33:01	bans,ad hypocrisy,archived	https://tmblr.co/ZRhtoOfu2-fUmq00	https://web.archive.org/20251207170828/https://www.tumblr.com/records-of-transmisogyny/754366107544141824
2024-06-26T17:33:32	ad hypocrisy,archived	https://tmblr.co/ZRhtoOfu307Muq00	https://web.archive.org/20251207170711/https://www.tumblr.com/records-of-transmisogyny/754366139624275968/this-is-new-i-cant-even-see-the-post-its-just
2024-06-26T17:33:52	bans,archived	https://tmblr.co/ZRhtoOfu30QWCm00	https://web.archive.org/20251207170801/https://www.tumblr.com/records-of-transmisogyny/754366160181592064
2024-06-26T17:34:15	bans,important,archived	https://tmblr.co/ZRhtoOfu30mt0i00	https://web.archive.org/20251207170815/https://www.tumblr.com/records-of-transmisogyny/754366184186626048
2024-06-26T17:34:34	bans,archived	https://tmblr.co/ZRhtoOfu313Pqm00	https://web.archive.org/20251207171629/https://www.tumblr.com/records-of-transmisogyny/754366204098052096
2024-06-26T17:34:57	bans,archived	https://tmblr.co/ZRhtoOfu31QUym00	https://web.archive.org/20251207171629/https://www.tumblr.com/records-of-transmisogyny/754366228880097280
2024-06-26T17:36:03	mature hypocrisy,bans,archived	https://tmblr.co/ZRhtoOfu32Qmye00	https://web.archive.org/20251207171646/https://www.tumblr.com/records-of-transmisogyny/754366297901531136
2024-06-26T17:36:24	bans,archived	https://tmblr.co/ZRhtoOfu32lJ8W00	https://web.archive.org/20251207171649/https://www.tumblr.com/records-of-transmisogyny/754366319949905920
2024-06-26T17:36:42	bans,archived	https://tmblr.co/ZRhtoOfu330xSe00	https://web.archive.org/20251207171654/https://www.tumblr.com/records-of-transmisogyny/754366338879881216
2024-06-26T17:37:03	bans,important,mature hypocrisy,archived,this one in particular is extensive and horrifying	https://tmblr.co/ZRhtoOfu33Ky4m00	https://web.archive.org/20251207171638/https://www.tumblr.com/records-of-transmisogyny/754366360365236224
2024-06-26T17:37:20	vent,mature hypocrisy,archived	https://tmblr.co/ZRhtoOfu33cRSm00	https://web.archive.org/20251207171639/https://www.tumblr.com/records-of-transmisogyny/754366379145232384
2024-06-26T17:37:36	mature hypocrisy,archived	https://tmblr.co/ZRhtoOfu33s5ey01	https://web.archive.org/20251207171736/https://www.tumblr.com/records-of-transmisogyny/754366395959197697
2024-06-26T17:37:56	vent,archived	https://tmblr.co/ZRhtoOfu349BWi00	https://web.archive.org/20251207171709/https://www.tumblr.com/records-of-transmisogyny/754366416458792960
2024-06-26T17:38:14	general,archived	https://tmblr.co/ZRhtoOfu34RBCy00	https://web.archive.org/20251207171731/https://www.tumblr.com/records-of-transmisogyny/754366435780968448
2024-06-26T17:38:48	mature hypocrisy,archived	https://tmblr.co/ZRhtoOfu34x-Km00	https://web.archive.org/20251207171719/https://www.tumblr.com/records-of-transmisogyny/754366471015170048
2024-06-26T20:18:35	mature hypocrisy,bans,important	https://tmblr.co/ZRhtoOfu5ND-Om00	https://web.archive.org/20251207171740/https://www.tumblr.com/records-of-transmisogyny/754376523387174912
2024-06-26T20:57:44	meta,important,transphobia,tumblr,photomatt,transmisogny tw,transmisogyny,trans	https://tmblr.co/ZRhtoOfu5x42Ky00	https://web.archive.org/20251207173748/https://www.tumblr.com/records-of-transmisogyny/754378986600251392/tumblr-is-systematically-transphobic
2024-06-26T21:00:24		https://tmblr.co/ZRhtoOfu5zWo8e00	https://web.archive.org/20251207173823/https://www.tumblr.com/records-of-transmisogyny/754379154906054656/tagging-some-popular-transfems-i-know-nyancrimew
2024-06-26T21:44:44	vent,mature hypocrisy,bans	https://tmblr.co/ZRhtoOfu6c68uq01	spn2-59c8732c54dfe445a4ef7eba1d834676ece0cc0f
2024-06-26T22:55:59	bans,important	https://tmblr.co/ZRhtoOfu7dKcCy00	spn2-c32a1178539bbf999fd3bb345daa150ac596e903
2024-06-26T23:00:34	ask,bans,rita	https://tmblr.co/ZRhtoOfu7hXAua00	spn2-c1ad44e55dd29f4d59a1a1361129f6bcb10c2920
2024-06-26T23:00:50	ask,bans,rita	https://tmblr.co/ZRhtoOfu7hnL4m00	spn2-13505671715bde798c13ad16cf53d89d05a70d7e
2024-06-26T23:01:07	ask,bans,rita	https://tmblr.co/ZRhtoOfu7i1yiq00	spn2-a25eecee7e81e8291445550c9ca79596d882cd2e
2024-06-26T23:01:20	ask,bans,rita	https://tmblr.co/ZRhtoOfu7iERum00	spn2-41ebc812d9d465513030d752628ee7ea3768534e
2024-06-27T07:49:21	self reblog,meta	https://tmblr.co/ZRhtoOfuFFeSmW00	spn2-3b67b01155d27f0bf848ed78d4964920b7b758cf
2024-06-28T21:34:51	meta,this may come in handy	https://tmblr.co/ZRhtoOfulfm-Gi00	
2024-06-28T21:35:20	vent	https://tmblr.co/ZRhtoOfulgD7Ku00	
2024-06-28T21:36:08	vent	https://tmblr.co/ZRhtoOfulgyAOy00	
2024-06-28T21:36:46	bans	https://tmblr.co/ZRhtoOfulhXVaa00	
2024-06-28T21:36:57	bans	https://tmblr.co/ZRhtoOfulhho8y00	
2024-06-28T21:37:29	vent,bans	https://tmblr.co/ZRhtoOfuliBH0a00	
2024-06-28T21:37:50	important,bans	https://tmblr.co/ZRhtoOfuliW4Sa00	
2024-06-28T21:38:02	bans,vent	https://tmblr.co/ZRhtoOfulihMam00	
2024-06-28T21:38:16	bans	https://tmblr.co/ZRhtoOfuliulmW00	
2024-06-28T21:38:57	bans	https://tmblr.co/ZRhtoOfuljW-ia00	
2024-06-28T21:39:11	bans,mature hypocrisy,vent	https://tmblr.co/ZRhtoOfuljkpme00	
2024-06-28T21:39:26	vent,bans	https://tmblr.co/ZRhtoOfuljzM0y00	
2024-06-28T21:39:48	vent	https://tmblr.co/ZRhtoOfulkIbKa00	
2024-06-28T21:40:07	vent	https://tmblr.co/ZRhtoOfulkbwSm00	
2024-06-28T21:44:05	bans,mature hypocrisy	https://tmblr.co/ZRhtoOfuloDqOm00	
2024-07-01T07:56:58	mature hypocrisy,i have to admit this is a tiny bit funny. but also wow tumblr do you even vet ads at all	https://tmblr.co/ZRhtoOfvXm39Om00	
2024-07-02T21:41:11		https://tmblr.co/ZRhtoOfw2908yW00	
2024-07-04T11:44:04	not strictly relevant but important context that the bans on tumblr are. bizarrely and specifically targeted	https://tmblr.co/ZRhtoOfwYp2uma00	
2024-07-05T18:47:25	bans	https://tmblr.co/ZRhtoOfwzS-1Su00	
2024-07-11T10:12:20	mature hypocrisy	https://tmblr.co/ZRhtoOfynhazqq00	
2024-07-13T00:22:06	bans	https://tmblr.co/ZRhtoOfzIRwzaq00	
2024-07-13T00:24:46	mature hypocrisy	https://tmblr.co/ZRhtoOfzIUNS8i00	
2024-07-13T00:31:07	mature hypocrisy,glad this was unblocked or whatever but i think it was only because it had a high amount of notes and also outrage	https://tmblr.co/ZRhtoOfzIaB8Oe00	
2024-07-18T07:05:04		https://tmblr.co/ZRhtoOf_-CfSmi00	
2024-08-01T11:06:16	bans,._.	https://tmblr.co/ZRhtoOg3Z2WKGi00	
2024-08-17T09:50:07	mature hypocrisy	https://tmblr.co/ZRhtoOg8hYXheu00	
2024-09-10T17:02:59	bans	https://tmblr.co/ZRhtoOgGW7TPim00	
2024-09-10T18:12:33	mature hypocrisy	https://tmblr.co/ZRhtoOgGX79iuW00	
2024-09-29T12:24:43	not exactly sure how to tag this one but it belongs here i’m quite sure,bans	https://tmblr.co/ZRhtoOgMZXX8uu00	
2025-09-04T00:31:04	bans,sigh. time to bring this sideblog back i guess	https://tmblr.co/ZRhtoOi3r6MYya00	
2025-09-05T12:48:23	choosing to take this question in good faith	https://tmblr.co/ZRhtoOi4KFl1uq00	
2025-09-25T02:06:55	tag bans,<- not sure how else to categorise this one,thx for the submission this is another very interesting view into tumblr shenanigans. what a hellsite,so glad this was automatable anyway. and so fascinating. wtf tumblr	https://tmblr.co/ZRhtoOiAd3fYSm00	
2025-10-04T23:46:02	bans,._.	https://tmblr.co/ZRhtoOiDp2GEuy00	
2025-10-15T16:02:08	mature hypocrisy	https://tmblr.co/ZRhtoOiHE-Veyy00	
2025-10-22T13:11:37	just as a general context thing i guess,mature hypocrisy	https://tmblr.co/ZRhtoOiJSlw3im00	
2025-10-31T23:19:39	mature hypocrisy,idk even what to say for this one. staff are being clowns	https://tmblr.co/ZRhtoOiMVil5Sa00	
2025-11-01T13:49:55		https://tmblr.co/ZRhtoOiMi9VAiW00	
2025-11-16T11:34:49	bans,racism	https://tmblr.co/ZRhtoOiRVDCFSW00	
2025-11-19T20:35:11	bans,another harassment campaign. for shame	https://tmblr.co/ZRhtoOiSak-Yey00	
2025-11-24T14:59:32	bans	https://tmblr.co/ZRhtoOiU6xVXae00	
2025-11-24T15:00:08	bans	https://tmblr.co/ZRhtoOiU6y2tWi00	
2025-11-24T22:50:47	mature hypocrisy	https://tmblr.co/ZRhtoOiUDgxSOq00	
2025-11-26T15:21:04	mature hypocrisy	https://tmblr.co/ZRhtoOiUmRxQGW00	
2025-11-26T16:58:38	bans,this one is terrifyingly overt	https://tmblr.co/ZRhtoOiUnrGPGq00	
2025-11-27T21:44:39	bans	https://tmblr.co/ZRhtoOiVAXU0yW00	
2025-11-29T10:39:17	bans	https://tmblr.co/ZRhtoOiVgD1QCi00	
2025-12-02T09:19:27	bans	https://tmblr.co/ZRhtoOiWct0rGa00	
2025-12-06T12:39:43	bans	https://tmblr.co/ZRhtoOiXy7pZuu00	
2025-12-07T12:11:14	vent	https://tmblr.co/ZRhtoOiYGK5YCy00timestamp	
